{"text": " Antes de ejecutar cualquier acci\u00f3n quiero que primero me confirme si podes entender la siguiente estrucci\u00f3n. Uno, todas las 42 fichas deben cumplir estructura en cuanto a la cantidad de cap\u00edtulo que ya est\u00e1n definidas. Dos el estilo de redacci\u00f3n y descritura de ser estandar para todos, muy parecido al CC02. Revisalo y me indicame si entiendes la estrucci\u00f3n que estoy dando.", "segments": [{"id": 0, "seek": 0, "start": 0.0, "end": 5.12, "text": " Antes de ejecutar cualquier acci\u00f3n quiero que primero me confirme si podes entender la siguiente", "tokens": [50364, 39325, 368, 39564, 6672, 289, 21004, 696, 5687, 16811, 631, 21289, 385, 9186, 1398, 1511, 2497, 279, 20054, 635, 25666, 50620], "temperature": 0.0, "avg_logprob": -0.44403943148526276, "compression_ratio": 1.4846938775510203, "no_speech_prob": 0.1525319665670395}, {"id": 1, "seek": 0, "start": 5.12, "end": 13.36, "text": " estrucci\u00f3n. Uno, todas las 42 fichas deben cumplir estructura en cuanto a la cantidad de cap\u00edtulo", "tokens": [50620, 871, 894, 14735, 13, 37468, 11, 10906, 2439, 14034, 283, 480, 296, 49187, 37483, 347, 43935, 2991, 465, 36685, 257, 635, 33757, 368, 1410, 30389, 51032], "temperature": 0.0, "avg_logprob": -0.44403943148526276, "compression_ratio": 1.4846938775510203, "no_speech_prob": 0.1525319665670395}, {"id": 2, "seek": 0, "start": 13.36, "end": 21.16, "text": " que ya est\u00e1n definidas. Dos el estilo de redacci\u00f3n y descritura de ser estandar para todos,", "tokens": [51032, 631, 2478, 10368, 1561, 11382, 13, 33474, 806, 37470, 368, 2182, 49354, 288, 7471, 3210, 2991, 368, 816, 871, 474, 289, 1690, 6321, 11, 51422], "temperature": 0.0, "avg_logprob": -0.44403943148526276, "compression_ratio": 1.4846938775510203, "no_speech_prob": 0.1525319665670395}, {"id": 3, "seek": 2116, "start": 21.16, "end": 29.96, "text": " muy parecido al CC02. Revisalo y me indicame si entiendes la estrucci\u00f3n que estoy dando.", "tokens": [50364, 5323, 7448, 17994, 419, 12630, 12756, 13, 1300, 4938, 10334, 288, 385, 4694, 529, 1511, 948, 1174, 279, 635, 871, 894, 14735, 631, 15796, 29854, 13, 50804], "temperature": 0.0, "avg_logprob": -0.46412139103330413, "compression_ratio": 1.0229885057471264, "no_speech_prob": 0.132351353764534}], "language": "Spanish"}