{"text": " Seguimos en mesa t\u00e9cnica. Seugracias por tu an\u00e1lisis. Las situaciones siguientes hoy necesito tener ser rado las 42 fichas m\u00e1s el documento consolidado. sobre esto necesito que active los agentes vidas que sean ese salio de tal forma que podemos dar cumplimiento de debemos complementar los 42 fichas que faltan. Segundo aplicar una gente de calidad que verific\u00e9 que lo es un link este en correcto. Terceros desharezones repositorios sugiero crear una carpeta con nombre diferente para verificar lo que est\u00e1s haciendo. Cuarto tu desactor como un orquestador del trabajo. Tienes que crear los agentes de negociaciones de salio. Te desarrollo un pleno de trabajo. Esto es extremo que trae al d\u00eda de hoy sin creenizar tu horario con o la idea de colombia de estar muy ubicado actualmente. \u00bfPresenta pleno de trabajo para revisar?", "segments": [{"id": 0, "seek": 0, "start": 0.0, "end": 8.56, "text": " Seguimos en mesa t\u00e9cnica. Seugracias por tu an\u00e1lisis. Las situaciones siguientes hoy necesito tener", "tokens": [50364, 1100, 2794, 8372, 465, 37024, 45411, 13, 1100, 697, 12080, 4609, 1515, 2604, 44113, 28436, 13, 10663, 2054, 9188, 21152, 20135, 13775, 11909, 3528, 11640, 50792], "temperature": 0.0, "avg_logprob": -0.43402140348860363, "compression_ratio": 1.5940170940170941, "no_speech_prob": 0.11431977152824402}, {"id": 1, "seek": 0, "start": 8.56, "end": 15.120000000000001, "text": " ser rado las 42 fichas m\u00e1s el documento consolidado. sobre esto necesito que active los", "tokens": [50792, 816, 367, 1573, 2439, 14034, 283, 480, 296, 3573, 806, 4166, 78, 19045, 1573, 13, 5473, 7433, 11909, 3528, 631, 2430, 68, 1750, 51120], "temperature": 0.0, "avg_logprob": -0.43402140348860363, "compression_ratio": 1.5940170940170941, "no_speech_prob": 0.11431977152824402}, {"id": 2, "seek": 0, "start": 15.120000000000001, "end": 20.92, "text": " agentes vidas que sean ese salio de tal forma que podemos dar cumplimiento de debemos complementar", "tokens": [51120, 623, 9240, 7217, 296, 631, 37670, 10167, 1845, 1004, 368, 4023, 8366, 631, 12234, 4072, 37483, 14007, 368, 3001, 4485, 17103, 289, 51410], "temperature": 0.0, "avg_logprob": -0.43402140348860363, "compression_ratio": 1.5940170940170941, "no_speech_prob": 0.11431977152824402}, {"id": 3, "seek": 0, "start": 20.92, "end": 27.04, "text": " los 42 fichas que faltan. Segundo aplicar una gente de calidad que verific\u00e9 que lo", "tokens": [51410, 1750, 14034, 283, 480, 296, 631, 37108, 282, 13, 21595, 6043, 18221, 289, 2002, 3788, 368, 42955, 631, 1306, 1089, 526, 631, 450, 51716], "temperature": 0.0, "avg_logprob": -0.43402140348860363, "compression_ratio": 1.5940170940170941, "no_speech_prob": 0.11431977152824402}, {"id": 4, "seek": 2704, "start": 27.04, "end": 33.64, "text": " es un link este en correcto. Terceros desharezones repositorios sugiero crear una carpeta", "tokens": [50364, 785, 517, 2113, 4065, 465, 3006, 78, 13, 6564, 1776, 329, 730, 71, 543, 89, 2213, 1085, 329, 3029, 2717, 22802, 12030, 31984, 2002, 18119, 64, 50694], "temperature": 0.0, "avg_logprob": -0.6139054578893325, "compression_ratio": 1.6334519572953736, "no_speech_prob": 0.05106915533542633}, {"id": 5, "seek": 2704, "start": 33.64, "end": 39.28, "text": " con nombre diferente para verificar lo que est\u00e1s haciendo. Cuarto tu desactor como un", "tokens": [50694, 416, 13000, 20973, 1690, 1306, 1089, 289, 450, 631, 24389, 20509, 13, 13205, 15864, 2604, 730, 578, 284, 2617, 517, 50976], "temperature": 0.0, "avg_logprob": -0.6139054578893325, "compression_ratio": 1.6334519572953736, "no_speech_prob": 0.05106915533542633}, {"id": 6, "seek": 2704, "start": 39.28, "end": 44.28, "text": " orquestador del trabajo. Tienes que crear los agentes de negociaciones de salio. Te desarrollo", "tokens": [50976, 420, 20343, 5409, 1103, 18099, 13, 314, 1053, 279, 631, 31984, 1750, 623, 9240, 368, 26722, 537, 9188, 368, 1845, 1004, 13, 1989, 32501, 78, 51226], "temperature": 0.0, "avg_logprob": -0.6139054578893325, "compression_ratio": 1.6334519572953736, "no_speech_prob": 0.05106915533542633}, {"id": 7, "seek": 2704, "start": 44.28, "end": 48.32, "text": " un pleno de trabajo. Esto es extremo que trae al d\u00eda de hoy sin creenizar tu horario con", "tokens": [51226, 517, 499, 5808, 368, 18099, 13, 20880, 785, 4040, 78, 631, 944, 68, 419, 12271, 368, 13775, 3343, 1197, 268, 9736, 2604, 2569, 4912, 416, 51428], "temperature": 0.0, "avg_logprob": -0.6139054578893325, "compression_ratio": 1.6334519572953736, "no_speech_prob": 0.05106915533542633}, {"id": 8, "seek": 2704, "start": 48.32, "end": 52.6, "text": " o la idea de colombia de estar muy ubicado actualmente. \u00bfPresenta pleno de trabajo para revisar?", "tokens": [51428, 277, 635, 1558, 368, 1173, 3548, 654, 368, 8755, 5323, 26709, 299, 1573, 3539, 4082, 13, 3841, 47, 495, 8938, 499, 5808, 368, 18099, 1690, 20767, 289, 30, 51642], "temperature": 0.0, "avg_logprob": -0.6139054578893325, "compression_ratio": 1.6334519572953736, "no_speech_prob": 0.05106915533542633}], "language": "Spanish"}