{"text": " Seos est\u00e1s da\u00f1ando el trabajo. Esta es la \u00faltima 4x5 que corregiste de esta mal, porque a pesar que retiraste la estructura me quitaste el estilo y de redacci\u00f3n. Yo ped\u00ed profundidad detalle t\u00e9cnico, debe ser estandar la forma de escribir en estos documentos.", "segments": [{"id": 0, "seek": 0, "start": 0.0, "end": 7.24, "text": " Seos est\u00e1s da\u00f1ando el trabajo. Esta es la \u00faltima 4x5 que corregiste de esta mal, porque", "tokens": [50364, 1100, 329, 24389, 1120, 2791, 1806, 806, 18099, 13, 20547, 785, 635, 28118, 1017, 87, 20, 631, 1181, 3375, 8375, 368, 5283, 2806, 11, 4021, 50726], "temperature": 0.0, "avg_logprob": -0.5009167282669632, "compression_ratio": 1.282758620689655, "no_speech_prob": 0.03350425884127617}, {"id": 1, "seek": 0, "start": 7.24, "end": 15.36, "text": " a pesar que retiraste la estructura me quitaste el estilo y de redacci\u00f3n. Yo ped\u00ed profundidad", "tokens": [50726, 257, 41951, 631, 34906, 9079, 635, 43935, 2991, 385, 10366, 9079, 806, 37470, 288, 368, 2182, 49354, 13, 7616, 5670, 870, 40958, 4580, 51132], "temperature": 0.0, "avg_logprob": -0.5009167282669632, "compression_ratio": 1.282758620689655, "no_speech_prob": 0.03350425884127617}, {"id": 2, "seek": 1536, "start": 15.36, "end": 20.759999999999998, "text": " detalle t\u00e9cnico, debe ser estandar la forma de escribir en estos documentos.", "tokens": [50364, 1141, 11780, 25564, 77, 2789, 11, 27422, 816, 871, 474, 289, 635, 8366, 368, 30598, 10119, 465, 12585, 4166, 329, 13, 50634], "temperature": 0.0, "avg_logprob": -0.4516512155532837, "compression_ratio": 1.0405405405405406, "no_speech_prob": 0.21993134915828705}], "language": "Spanish"}