{"text": " Listo atacaba a dar permiso de un resacarpeta y va a ser en contra de una informaci\u00f3n de los especialistas en bloqueo en este proyecto, informaci\u00f3n sobre urbanismo, seguridad ideal, geotecnia y unos indicadores a y el componente b\u00edmeno, es muy importante que tengas en cuenta esta informaci\u00f3n, no es una informaci\u00f3n o oficiatino de ataco, pero es una informaci\u00f3n de otros especialistas en bloqueo en la situaci\u00f3n de esta pp. Lo importante es que puede revisar la informaci\u00f3n para por clara tener la clara de suficiente identificar los indicadores y las estructuras f\u00edsicas, si hay puente, si hay viado, si hay t\u00faneles, hay de vez identificar eso, porque con esto se tiene que crear los componentes de campo.", "segments": [{"id": 0, "seek": 0, "start": 0.0, "end": 4.0, "text": " Listo atacaba a dar permiso de un resacarpeta y va a ser en contra de una informaci\u00f3n", "tokens": [50364, 441, 9334, 41015, 5509, 257, 4072, 4784, 19227, 368, 517, 725, 326, 6529, 7664, 288, 2773, 257, 816, 465, 10742, 368, 2002, 21660, 50564], "temperature": 0.0, "avg_logprob": -0.5548109831633391, "compression_ratio": 1.965648854961832, "no_speech_prob": 0.22084778547286987}, {"id": 1, "seek": 0, "start": 4.0, "end": 8.8, "text": " de los especialistas en bloqueo en este proyecto, informaci\u00f3n sobre urbanismo,", "tokens": [50564, 368, 1750, 15342, 14858, 465, 41592, 78, 465, 4065, 32285, 11, 21660, 5473, 9681, 6882, 11, 50804], "temperature": 0.0, "avg_logprob": -0.5548109831633391, "compression_ratio": 1.965648854961832, "no_speech_prob": 0.22084778547286987}, {"id": 2, "seek": 0, "start": 8.8, "end": 14.200000000000001, "text": " seguridad ideal, geotecnia y unos indicadores a y el componente b\u00edmeno, es muy importante", "tokens": [50804, 35415, 7157, 11, 1519, 1370, 66, 12679, 288, 17780, 4694, 11856, 257, 288, 806, 4026, 1576, 272, 870, 2558, 78, 11, 785, 5323, 9416, 51074], "temperature": 0.0, "avg_logprob": -0.5548109831633391, "compression_ratio": 1.965648854961832, "no_speech_prob": 0.22084778547286987}, {"id": 3, "seek": 0, "start": 14.200000000000001, "end": 18.2, "text": " que tengas en cuenta esta informaci\u00f3n, no es una informaci\u00f3n o oficiatino de ataco,", "tokens": [51074, 631, 10370, 296, 465, 17868, 5283, 21660, 11, 572, 785, 2002, 21660, 277, 295, 299, 7676, 2982, 368, 41015, 78, 11, 51274], "temperature": 0.0, "avg_logprob": -0.5548109831633391, "compression_ratio": 1.965648854961832, "no_speech_prob": 0.22084778547286987}, {"id": 4, "seek": 0, "start": 18.2, "end": 22.2, "text": " pero es una informaci\u00f3n de otros especialistas en bloqueo en la situaci\u00f3n de esta pp.", "tokens": [51274, 4768, 785, 2002, 21660, 368, 16422, 15342, 14858, 465, 41592, 78, 465, 635, 29343, 368, 5283, 280, 79, 13, 51474], "temperature": 0.0, "avg_logprob": -0.5548109831633391, "compression_ratio": 1.965648854961832, "no_speech_prob": 0.22084778547286987}, {"id": 5, "seek": 0, "start": 22.2, "end": 27.400000000000002, "text": " Lo importante es que puede revisar la informaci\u00f3n para por clara tener la clara de", "tokens": [51474, 6130, 9416, 785, 631, 8919, 20767, 289, 635, 21660, 1690, 1515, 596, 2419, 11640, 635, 596, 2419, 368, 51734], "temperature": 0.0, "avg_logprob": -0.5548109831633391, "compression_ratio": 1.965648854961832, "no_speech_prob": 0.22084778547286987}, {"id": 6, "seek": 2740, "start": 27.4, "end": 33.0, "text": " suficiente identificar los indicadores y las estructuras f\u00edsicas,", "tokens": [50364, 33958, 2473, 25625, 1750, 4694, 11856, 288, 2439, 43935, 12907, 27538, 9150, 11, 50644], "temperature": 0.0, "avg_logprob": -0.407325165612357, "compression_ratio": 1.5, "no_speech_prob": 0.05150739848613739}, {"id": 7, "seek": 2740, "start": 33.0, "end": 40.0, "text": " si hay puente, si hay viado, si hay t\u00faneles, hay de vez identificar eso,", "tokens": [50644, 1511, 4842, 2362, 1576, 11, 1511, 4842, 1932, 1573, 11, 1511, 4842, 15056, 6396, 279, 11, 4842, 368, 5715, 2473, 25625, 7287, 11, 50994], "temperature": 0.0, "avg_logprob": -0.407325165612357, "compression_ratio": 1.5, "no_speech_prob": 0.05150739848613739}, {"id": 8, "seek": 2740, "start": 40.0, "end": 43.2, "text": " porque con esto se tiene que crear los componentes de campo.", "tokens": [50994, 4021, 416, 7433, 369, 7066, 631, 31984, 1750, 6542, 279, 368, 29691, 13, 51154], "temperature": 0.0, "avg_logprob": -0.407325165612357, "compression_ratio": 1.5, "no_speech_prob": 0.05150739848613739}], "language": "Spanish"}