{"text": " Adicionalmente debes revisar dentro de Midrise, los t\u00e9rminos de referencia a los torros, son dos las fuertas, de innovada de dirigidad tras consul, porque debe ser muy articulado este ejercicio con respecto a lo que vamos a entregar de ser consistent, no podemos inventar, no podemos alucinar.", "segments": [{"id": 0, "seek": 0, "start": 0.0, "end": 7.4, "text": " Adicionalmente debes revisar dentro de Midrise, los t\u00e9rminos de referencia a los torros, son dos", "tokens": [50364, 1999, 33010, 4082, 3001, 279, 20767, 289, 10856, 368, 7033, 18619, 11, 1750, 45198, 329, 368, 2864, 10974, 257, 1750, 3930, 2635, 11, 1872, 4491, 50734], "temperature": 0.0, "avg_logprob": -0.4574059380425347, "compression_ratio": 1.5555555555555556, "no_speech_prob": 0.04438771307468414}, {"id": 1, "seek": 0, "start": 7.4, "end": 14.56, "text": " las fuertas, de innovada de dirigidad tras consul, porque debe ser muy articulado este ejercicio", "tokens": [50734, 2439, 8536, 911, 296, 11, 368, 5083, 1538, 368, 35243, 4580, 22507, 1014, 425, 11, 4021, 27422, 816, 5323, 15228, 425, 1573, 4065, 39151, 18322, 51092], "temperature": 0.0, "avg_logprob": -0.4574059380425347, "compression_ratio": 1.5555555555555556, "no_speech_prob": 0.04438771307468414}, {"id": 2, "seek": 0, "start": 14.56, "end": 19.400000000000002, "text": " con respecto a lo que vamos a entregar de ser consistent, no podemos inventar, no podemos alucinar.", "tokens": [51092, 416, 35694, 257, 450, 631, 5295, 257, 3962, 2976, 368, 816, 8398, 11, 572, 12234, 7962, 289, 11, 572, 12234, 419, 1311, 6470, 13, 51334], "temperature": 0.0, "avg_logprob": -0.4574059380425347, "compression_ratio": 1.5555555555555556, "no_speech_prob": 0.04438771307468414}], "language": "Spanish"}