{"text": " correcto en la carpeta est\u00e1n las fichas t\u00e9cnicas y estas fichas tienen al 42 deben clupir a est\u00e1ndar y el formato definido en el ITC-C-C-01. Esa estructura debe replicarse all\u00e1, es decir tenemos que usar el documento y llevar a esa nueva estructura, mentiendes.", "segments": [{"id": 0, "seek": 0, "start": 0.0, "end": 6.58, "text": " correcto en la carpeta est\u00e1n las fichas t\u00e9cnicas y estas fichas", "tokens": [50364, 3006, 78, 465, 635, 18119, 64, 10368, 2439, 283, 480, 296, 25564, 40672, 288, 13897, 283, 480, 296, 50693], "temperature": 0.0, "avg_logprob": -0.5697111241957721, "compression_ratio": 1.4722222222222223, "no_speech_prob": 0.03907361999154091}, {"id": 1, "seek": 0, "start": 6.58, "end": 11.86, "text": " tienen al 42 deben clupir a est\u00e1ndar y el formato definido en el", "tokens": [50693, 12536, 419, 14034, 49187, 596, 1010, 347, 257, 3192, 273, 289, 288, 806, 1254, 2513, 1561, 2925, 465, 806, 50957], "temperature": 0.0, "avg_logprob": -0.5697111241957721, "compression_ratio": 1.4722222222222223, "no_speech_prob": 0.03907361999154091}, {"id": 2, "seek": 0, "start": 11.86, "end": 17.78, "text": " ITC-C-C-01. Esa estructura debe replicarse all\u00e1, es decir tenemos", "tokens": [50957, 6783, 34, 12, 34, 12, 34, 12, 10607, 13, 2313, 64, 43935, 2991, 27422, 3248, 7953, 405, 30642, 11, 785, 10235, 9914, 51253], "temperature": 0.0, "avg_logprob": -0.5697111241957721, "compression_ratio": 1.4722222222222223, "no_speech_prob": 0.03907361999154091}, {"id": 3, "seek": 0, "start": 17.78, "end": 20.94, "text": " que usar el documento y llevar a esa nueva estructura, mentiendes.", "tokens": [51253, 631, 14745, 806, 4166, 78, 288, 30374, 257, 11342, 28963, 43935, 2991, 11, 3074, 1174, 279, 13, 51411], "temperature": 0.0, "avg_logprob": -0.5697111241957721, "compression_ratio": 1.4722222222222223, "no_speech_prob": 0.03907361999154091}], "language": "Spanish"}