{"text": " Adicionalmente, debes activar una gente de calidad que se encarguer revisar que todos los enlaces web y la informaci\u00f3n que est\u00e9 en todo el comento se aconciente este disponible y los enlaces funciones. Una gente de Cuba debe revisar cada uno de todo el comento que vas a crear.", "segments": [{"id": 0, "seek": 0, "start": 0.0, "end": 10.8, "text": " Adicionalmente, debes activar una gente de calidad que se encarguer revisar que todos los enlaces web y la informaci\u00f3n que est\u00e9 en", "tokens": [50364, 1999, 33010, 4082, 11, 3001, 279, 2430, 289, 2002, 3788, 368, 42955, 631, 369, 2058, 289, 2794, 260, 20767, 289, 631, 6321, 1750, 465, 75, 2116, 3670, 288, 635, 21660, 631, 34584, 465, 50904], "temperature": 0.0, "avg_logprob": -0.4500998897828918, "compression_ratio": 1.50920245398773, "no_speech_prob": 0.02064702846109867}, {"id": 1, "seek": 0, "start": 10.8, "end": 19.6, "text": " todo el comento se aconciente este disponible y los enlaces funciones. Una gente de Cuba debe revisar cada uno de", "tokens": [50904, 5149, 806, 14541, 78, 369, 696, 266, 537, 1576, 4065, 23311, 964, 288, 1750, 465, 75, 2116, 1019, 23469, 13, 15491, 3788, 368, 20604, 27422, 20767, 289, 8411, 8526, 368, 51344], "temperature": 0.0, "avg_logprob": -0.4500998897828918, "compression_ratio": 1.50920245398773, "no_speech_prob": 0.02064702846109867}, {"id": 2, "seek": 1960, "start": 19.6, "end": 22.6, "text": " todo el comento que vas a crear.", "tokens": [50364, 5149, 806, 14541, 78, 631, 11481, 257, 31984, 13, 50514], "temperature": 0.0, "avg_logprob": -0.6065176328023275, "compression_ratio": 0.8, "no_speech_prob": 0.13976696133613586}], "language": "Spanish"}